Book Title,Price,Rating
Delivering the Truth (Quaker Midwife Mystery #1),20.89,Four
Delivering the Truth (Quaker Midwife Mystery #1),20.89,Four
Delivering the Truth (Quaker Midwife Mystery #1),20.89,Four
Delivering the Truth (Quaker Midwife Mystery #1),20.89,Four
Delivering the Truth (Quaker Midwife Mystery #1),20.89,Four
Delivering the Truth (Quaker Midwife Mystery #1),20.89,Four
Delivering the Truth (Quaker Midwife Mystery #1),20.89,Four
Delivering the Truth (Quaker Midwife Mystery #1),20.89,Four
Delivering the Truth (Quaker Midwife Mystery #1),20.89,Four
Delivering the Truth (Quaker Midwife Mystery #1),20.89,Four
Delivering the Truth (Quaker Midwife Mystery #1),20.89,Four
Delivering the Truth (Quaker Midwife Mystery #1),20.89,Four
Delivering the Truth (Quaker Midwife Mystery #1),20.89,Four
Delivering the Truth (Quaker Midwife Mystery #1),20.89,Four
Delivering the Truth (Quaker Midwife Mystery #1),20.89,Four
Delivering the Truth (Quaker Midwife Mystery #1),20.89,Four
Delivering the Truth (Quaker Midwife Mystery #1),20.89,Four
Delivering the Truth (Quaker Midwife Mystery #1),20.89,Four
Delivering the Truth (Quaker Midwife Mystery #1),20.89,Four
Delivering the Truth (Quaker Midwife Mystery #1),20.89,Four
